FundCode,FundName,TradingDay,NetWorth
015937,信诚鼎利混合(LOF)C,2022-06-10,1.2077
015937,信诚鼎利混合(LOF)C,2022-06-13,1.2057
015937,信诚鼎利混合(LOF)C,2022-06-14,1.1904
015937,信诚鼎利混合(LOF)C,2022-06-15,1.1836
015937,信诚鼎利混合(LOF)C,2022-06-16,1.2095
015937,信诚鼎利混合(LOF)C,2022-06-17,1.2245
015937,信诚鼎利混合(LOF)C,2022-06-20,1.2301
015937,信诚鼎利混合(LOF)C,2022-06-21,1.2143
015937,信诚鼎利混合(LOF)C,2022-06-22,1.2146
015937,信诚鼎利混合(LOF)C,2022-06-23,1.2613
015937,信诚鼎利混合(LOF)C,2022-06-24,1.2701
015937,信诚鼎利混合(LOF)C,2022-06-27,1.276
015937,信诚鼎利混合(LOF)C,2022-06-28,1.3083
015937,信诚鼎利混合(LOF)C,2022-06-29,1.2662
015937,信诚鼎利混合(LOF)C,2022-06-30,1.2996
015937,信诚鼎利混合(LOF)C,2022-07-01,1.2921
015937,信诚鼎利混合(LOF)C,2022-07-04,1.2901
015937,信诚鼎利混合(LOF)C,2022-07-05,1.2925
015937,信诚鼎利混合(LOF)C,2022-07-06,1.3032
015937,信诚鼎利混合(LOF)C,2022-07-07,1.3307
015937,信诚鼎利混合(LOF)C,2022-07-08,1.329
015937,信诚鼎利混合(LOF)C,2022-07-11,1.3043
015937,信诚鼎利混合(LOF)C,2022-07-12,1.2672
015937,信诚鼎利混合(LOF)C,2022-07-13,1.2655
015937,信诚鼎利混合(LOF)C,2022-07-14,1.3028
015937,信诚鼎利混合(LOF)C,2022-07-15,1.3075
015937,信诚鼎利混合(LOF)C,2022-07-18,1.3012
015937,信诚鼎利混合(LOF)C,2022-07-19,1.2809
015937,信诚鼎利混合(LOF)C,2022-07-20,1.3051
015937,信诚鼎利混合(LOF)C,2022-07-21,1.3086
015937,信诚鼎利混合(LOF)C,2022-07-22,1.3059
015937,信诚鼎利混合(LOF)C,2022-07-25,1.2811
015937,信诚鼎利混合(LOF)C,2022-07-26,1.2957
015937,信诚鼎利混合(LOF)C,2022-07-27,1.3266
015937,信诚鼎利混合(LOF)C,2022-07-28,1.3316
015937,信诚鼎利混合(LOF)C,2022-07-29,1.331
015937,信诚鼎利混合(LOF)C,2022-08-01,1.3497
015937,信诚鼎利混合(LOF)C,2022-08-02,1.3501
015937,信诚鼎利混合(LOF)C,2022-08-03,1.3491
015937,信诚鼎利混合(LOF)C,2022-08-04,1.3475
015937,信诚鼎利混合(LOF)C,2022-08-05,1.3822
015937,信诚鼎利混合(LOF)C,2022-08-08,1.3792
015937,信诚鼎利混合(LOF)C,2022-08-09,1.3963
015937,信诚鼎利混合(LOF)C,2022-08-10,1.405
015937,信诚鼎利混合(LOF)C,2022-08-11,1.4259
015937,信诚鼎利混合(LOF)C,2022-08-12,1.3801
015937,信诚鼎利混合(LOF)C,2022-08-15,1.3872
015937,信诚鼎利混合(LOF)C,2022-08-16,1.4027
015937,信诚鼎利混合(LOF)C,2022-08-17,1.4083
015937,信诚鼎利混合(LOF)C,2022-08-18,1.4346
015937,信诚鼎利混合(LOF)C,2022-08-19,1.3887
015937,信诚鼎利混合(LOF)C,2022-08-22,1.385
015937,信诚鼎利混合(LOF)C,2022-08-23,1.3852
015937,信诚鼎利混合(LOF)C,2022-08-24,1.3134
015937,信诚鼎利混合(LOF)C,2022-08-25,1.297
015937,信诚鼎利混合(LOF)C,2022-08-26,1.2846
015937,信诚鼎利混合(LOF)C,2022-08-29,1.3075
015937,信诚鼎利混合(LOF)C,2022-08-30,1.3046
015937,信诚鼎利混合(LOF)C,2022-08-31,1.2606
015937,信诚鼎利混合(LOF)C,2022-09-01,1.2621
015937,信诚鼎利混合(LOF)C,2022-09-02,1.2973
015937,信诚鼎利混合(LOF)C,2022-09-05,1.3186
015937,信诚鼎利混合(LOF)C,2022-09-06,1.3378
015937,信诚鼎利混合(LOF)C,2022-09-07,1.3861
015937,信诚鼎利混合(LOF)C,2022-09-08,1.3798
015937,信诚鼎利混合(LOF)C,2022-09-09,1.3618
015937,信诚鼎利混合(LOF)C,2022-09-13,1.3634
015937,信诚鼎利混合(LOF)C,2022-09-14,1.3835
015937,信诚鼎利混合(LOF)C,2022-09-15,1.3286
015937,信诚鼎利混合(LOF)C,2022-09-16,1.3429
015937,信诚鼎利混合(LOF)C,2022-09-19,1.3155
015937,信诚鼎利混合(LOF)C,2022-09-20,1.3033
015937,信诚鼎利混合(LOF)C,2022-09-21,1.2689
015937,信诚鼎利混合(LOF)C,2022-09-22,1.2868
015937,信诚鼎利混合(LOF)C,2022-09-23,1.2537
015937,信诚鼎利混合(LOF)C,2022-09-26,1.2697
015937,信诚鼎利混合(LOF)C,2022-09-27,1.3176
015937,信诚鼎利混合(LOF)C,2022-09-28,1.2747
015937,信诚鼎利混合(LOF)C,2022-09-29,1.2915
015937,信诚鼎利混合(LOF)C,2022-09-30,1.2377
015937,信诚鼎利混合(LOF)C,2022-10-10,1.1021
015937,信诚鼎利混合(LOF)C,2022-10-11,1.0608
015937,信诚鼎利混合(LOF)C,2022-10-12,1.1152
015937,信诚鼎利混合(LOF)C,2022-10-13,1.1122
015937,信诚鼎利混合(LOF)C,2022-10-14,1.1132
015937,信诚鼎利混合(LOF)C,2022-10-17,1.1604
015937,信诚鼎利混合(LOF)C,2022-10-18,1.157
015937,信诚鼎利混合(LOF)C,2022-10-19,1.1619
015937,信诚鼎利混合(LOF)C,2022-10-20,1.2351
015937,信诚鼎利混合(LOF)C,2022-10-21,1.2398
015937,信诚鼎利混合(LOF)C,2022-10-24,1.2528
015937,信诚鼎利混合(LOF)C,2022-10-25,1.2463
015937,信诚鼎利混合(LOF)C,2022-10-26,1.2663
015937,信诚鼎利混合(LOF)C,2022-10-27,1.246
015937,信诚鼎利混合(LOF)C,2022-10-28,1.2491
015937,信诚鼎利混合(LOF)C,2022-10-31,1.2525
015937,信诚鼎利混合(LOF)C,2022-11-01,1.2423
015937,信诚鼎利混合(LOF)C,2022-11-02,1.2393
015937,信诚鼎利混合(LOF)C,2022-11-03,1.275
015937,信诚鼎利混合(LOF)C,2022-11-04,1.2733
015937,信诚鼎利混合(LOF)C,2022-11-07,1.2424
015937,信诚鼎利混合(LOF)C,2022-11-08,1.2345
015937,信诚鼎利混合(LOF)C,2022-11-09,1.2243
015937,信诚鼎利混合(LOF)C,2022-11-10,1.1864
015937,信诚鼎利混合(LOF)C,2022-11-11,1.2006
015937,信诚鼎利混合(LOF)C,2022-11-14,1.1959
015937,信诚鼎利混合(LOF)C,2022-11-15,1.2761
015937,信诚鼎利混合(LOF)C,2022-11-16,1.2591
015937,信诚鼎利混合(LOF)C,2022-11-17,1.294
015937,信诚鼎利混合(LOF)C,2022-11-18,1.2678
015937,信诚鼎利混合(LOF)C,2022-11-21,1.2647
015937,信诚鼎利混合(LOF)C,2022-11-22,1.2584
015937,信诚鼎利混合(LOF)C,2022-11-23,1.2489
015937,信诚鼎利混合(LOF)C,2022-11-24,1.2368
015937,信诚鼎利混合(LOF)C,2022-11-25,1.2247
015937,信诚鼎利混合(LOF)C,2022-11-28,1.2182
015937,信诚鼎利混合(LOF)C,2022-11-29,1.235
015937,信诚鼎利混合(LOF)C,2022-11-30,1.2301
015937,信诚鼎利混合(LOF)C,2022-12-01,1.2444
015937,信诚鼎利混合(LOF)C,2022-12-02,1.2391
015937,信诚鼎利混合(LOF)C,2022-12-05,1.2433
015937,信诚鼎利混合(LOF)C,2022-12-06,1.2664
015937,信诚鼎利混合(LOF)C,2022-12-07,1.2505
015937,信诚鼎利混合(LOF)C,2022-12-08,1.2375
015937,信诚鼎利混合(LOF)C,2022-12-09,1.248
015937,信诚鼎利混合(LOF)C,2022-12-12,1.2872
015937,信诚鼎利混合(LOF)C,2022-12-13,1.2649
015937,信诚鼎利混合(LOF)C,2022-12-14,1.2451
015937,信诚鼎利混合(LOF)C,2022-12-15,1.2551
015937,信诚鼎利混合(LOF)C,2022-12-16,1.2259
015937,信诚鼎利混合(LOF)C,2022-12-19,1.1951
015937,信诚鼎利混合(LOF)C,2022-12-20,1.1984
015937,信诚鼎利混合(LOF)C,2022-12-21,1.1922
015937,信诚鼎利混合(LOF)C,2022-12-22,1.1777
015937,信诚鼎利混合(LOF)C,2022-12-23,1.1453
015937,信诚鼎利混合(LOF)C,2022-12-26,1.18
015937,信诚鼎利混合(LOF)C,2022-12-27,1.1943
015937,信诚鼎利混合(LOF)C,2022-12-28,1.18
015937,信诚鼎利混合(LOF)C,2022-12-29,1.1738
015937,信诚鼎利混合(LOF)C,2022-12-30,1.1599
015937,信诚鼎利混合(LOF)C,2023-01-03,1.1811
015937,信诚鼎利混合(LOF)C,2023-01-04,1.1782
015937,信诚鼎利混合(LOF)C,2023-01-05,1.1866
015937,信诚鼎利混合(LOF)C,2023-01-06,1.1829
015937,信诚鼎利混合(LOF)C,2023-01-09,1.182
015937,信诚鼎利混合(LOF)C,2023-01-10,1.1865
015937,信诚鼎利混合(LOF)C,2023-01-11,1.1689
015937,信诚鼎利混合(LOF)C,2023-01-12,1.1717
015937,信诚鼎利混合(LOF)C,2023-01-13,1.1586
015937,信诚鼎利混合(LOF)C,2023-01-16,1.1696
015937,信诚鼎利混合(LOF)C,2023-01-17,1.183
015937,信诚鼎利混合(LOF)C,2023-01-18,1.1866
015937,信诚鼎利混合(LOF)C,2023-01-19,1.1957
015937,信诚鼎利混合(LOF)C,2023-01-20,1.2053
015937,信诚鼎利混合(LOF)C,2023-01-30,1.2059
015937,信诚鼎利混合(LOF)C,2023-01-31,1.197
015937,信诚鼎利混合(LOF)C,2023-02-01,1.2113
015937,信诚鼎利混合(LOF)C,2023-02-02,1.2103
015937,信诚鼎利混合(LOF)C,2023-02-03,1.2137
015937,信诚鼎利混合(LOF)C,2023-02-06,1.2012
015937,信诚鼎利混合(LOF)C,2023-02-07,1.1928
015937,信诚鼎利混合(LOF)C,2023-02-08,1.1808
015937,信诚鼎利混合(LOF)C,2023-02-09,1.2254
015937,信诚鼎利混合(LOF)C,2023-02-10,1.2119
015937,信诚鼎利混合(LOF)C,2023-02-13,1.2253
015937,信诚鼎利混合(LOF)C,2023-02-14,1.2262
015937,信诚鼎利混合(LOF)C,2023-02-15,1.2425
015937,信诚鼎利混合(LOF)C,2023-02-16,1.2104
015937,信诚鼎利混合(LOF)C,2023-02-17,1.1723
015937,信诚鼎利混合(LOF)C,2023-02-20,1.1854
015937,信诚鼎利混合(LOF)C,2023-02-21,1.1755
015937,信诚鼎利混合(LOF)C,2023-02-22,1.1809
015937,信诚鼎利混合(LOF)C,2023-02-23,1.1747
015937,信诚鼎利混合(LOF)C,2023-02-24,1.1737
015937,信诚鼎利混合(LOF)C,2023-02-27,1.1539
015937,信诚鼎利混合(LOF)C,2023-02-28,1.1566
015937,信诚鼎利混合(LOF)C,2023-03-01,1.1666
015937,信诚鼎利混合(LOF)C,2023-03-02,1.1574
015937,信诚鼎利混合(LOF)C,2023-03-03,1.186
